term,n,hawk_ct,dove_ct,z
years,1,18,45,-3.59
make broader financial,3,12,30,-2.93
two years,2,10,27,-2.91
two,1,12,29,-2.81
put downward,2,4,17,-2.75
put downward pressure,3,4,17,-2.75
inflation,1,858,890,-2.68
make broader,2,14,30,-2.61
elevated household,2,5,17,-2.57
remains elevated household,3,5,17,-2.57
elevated household spending,3,5,17,-2.57
one,1,13,28,-2.54
support stronger economic,3,8,21,-2.52
tilted,1,2,12,-2.46
downside,1,23,40,-2.44
modestly,1,3,13,-2.42
put,1,8,20,-2.39
between,1,9,21,-2.34
stronger economic,2,27,43,-2.25
stronger economic recovery,3,27,43,-2.25
inflation between one,3,9,20,-2.2
inflation between,2,9,20,-2.2
two years ahead,3,9,20,-2.2
one and two,3,9,20,-2.2
between one,2,9,20,-2.2
ahead,1,9,20,-2.2
years ahead,2,9,20,-2.2
long as inflation,3,1,9,-2.18
broader financial conditions,3,17,30,-2.15
conditions more accommodative,3,17,30,-2.15
broader financial,2,17,30,-2.15
least as long,3,9,19,-2.05
ahead is projected,3,9,19,-2.05
maturities,1,4,12,-2.05
long,1,35,50,-2.01
downward pressure,2,20,32,-1.95
least,1,33,47,-1.94
period,1,16,27,-1.93
maturity,1,12,22,-1.93
help make,2,1,7,-1.91
help make broader,3,1,7,-1.91
markets and help,3,17,28,-1.9
agency mortgage-backed,2,134,153,-1.88
agency mortgage-backed securities,3,134,153,-1.88
mortgage markets,2,18,29,-1.88
securities with remaining,3,4,11,-1.87
well below,2,4,11,-1.87
remaining maturities,2,4,11,-1.87
return inflation,2,2,8,-1.86
financial conditions,2,51,66,-1.86
securities,1,353,370,-1.85
pressure,1,22,33,-1.79
maturities of years,3,3,9,-1.77
weakened,1,3,9,-1.77
personal,1,1,6,-1.74
governors,1,1,6,-1.74
appropriate monetary policy,3,1,6,-1.74
goods,1,1,6,-1.74
warrant gradual,2,1,6,-1.74
index,1,1,6,-1.74
prepared to use,3,1,6,-1.74
balanced tilted,2,1,6,-1.74
appropriate monetary,2,1,6,-1.74
personal consumption,2,1,6,-1.74
consumption expenditures,2,1,6,-1.74
board of governors,3,1,6,-1.74
expenditures,1,1,6,-1.74
third quarter,2,1,6,-1.74
core inflation,2,1,6,-1.74
has weakened,2,1,6,-1.74
price index,2,1,6,-1.74
personal consumption expenditures,3,1,6,-1.74
considerable time,2,15,24,-1.69
consumption,1,2,7,-1.67
now intends,2,2,7,-1.67
extend,1,11,19,-1.67
longer term inflation,3,5,11,-1.62
term inflation expectations,3,5,11,-1.62
downward,1,25,35,-1.62
non-energy imports market-based,3,5,11,-1.62
pressure on longer-term,3,19,28,-1.6
further policy,2,3,8,-1.57
abroad,1,3,8,-1.57
slightly,1,1,5,-1.55
mid,1,10,17,-1.55
previously announced,2,1,5,-1.55
extension program,2,1,5,-1.55
clearly,1,1,5,-1.55
maturity extension program,3,1,5,-1.55
maturity extension,2,1,5,-1.55
initially,1,1,5,-1.55
compensation,1,31,41,-1.54
sustained,1,33,43,-1.52
longer term,2,11,18,-1.51
have declined,2,11,18,-1.51
temporary,1,7,13,-1.5
assessing,1,4,9,-1.49
provide support,2,4,9,-1.49
patient,1,4,9,-1.49
suggests that economic,3,12,19,-1.48
below,1,146,158,-1.47
treasury securities,2,99,111,-1.47
run,1,104,116,-1.47
years to years,3,2,6,-1.45
low although,2,2,6,-1.45
evidence that inflation,3,2,6,-1.45
specifically,1,2,6,-1.45
continues to sees,3,2,6,-1.45
remained low although,3,2,6,-1.45
longer-term interest,2,21,29,-1.43
gains have,2,14,21,-1.43
mortgage,1,32,41,-1.42
help,1,93,104,-1.41
remaining,1,9,15,-1.41
subdued,1,38,47,-1.38
existing policies,2,6,11,-1.36
policies of reinvesting,3,6,11,-1.36
agency,1,206,215,-1.36
announced in september,3,6,11,-1.36
holdings of securities,3,17,24,-1.36
eventually,1,3,7,-1.35
program to extend,3,11,17,-1.35
market-based measures,2,28,36,-1.35
market-based,1,28,36,-1.35
average maturity,2,11,17,-1.35
extend the average,3,11,17,-1.35
board,1,3,7,-1.35
previously,1,3,7,-1.35
inflation to rise,3,3,7,-1.35
prepared,1,29,37,-1.34
considerable time after,3,12,18,-1.32
appropriate,1,158,167,-1.31
support to mortgage,3,0,8,-1.31
least through mid,3,7,12,-1.31
broader,1,33,41,-1.31
wage,1,0,8,-1.31
through mid,2,7,12,-1.31
billion of agency,3,0,8,-1.31
well,1,67,76,-1.28
treasury,1,117,126,-1.28
move toward levels,3,4,8,-1.27
accommodation economic activity,3,14,20,-1.27
continue purchasing additional,3,4,8,-1.27
somewhat in recent,3,4,8,-1.27
securities as announced,3,8,13,-1.27
accommodation economic,2,24,31,-1.26
policy accommodation economic,3,24,31,-1.26
declined,1,50,58,-1.23
maintaining,1,52,60,-1.22
within one,2,0,7,-1.22
one to two,3,0,7,-1.22
markets,1,52,60,-1.22
within,1,0,7,-1.22
objective but even,3,0,7,-1.22
only,1,29,36,-1.22
additional billion,2,0,7,-1.22
continue its program,3,0,7,-1.22
moreover,1,10,15,-1.21
review the size,3,10,15,-1.21
appropriate in determining,3,10,15,-1.21
purchasing additional,2,5,9,-1.21
inflation compensation,2,30,37,-1.21
faster progress toward,3,2,5,-1.19
energy prices longer-term,3,2,5,-1.19
faster progress,2,2,5,-1.19
years or less,3,2,5,-1.19
raise maintain,2,2,5,-1.19
dual mandate however,3,2,5,-1.19
mandate however,2,2,5,-1.19
pace of job,3,2,5,-1.19
toward its objectives,3,19,25,-1.19
amount of treasury,3,2,5,-1.19
mortgage-backed securities,2,150,157,-1.19
equal amount,2,2,5,-1.19
prices longer-term,2,2,5,-1.19
equal,1,2,5,-1.19
approximately,1,2,5,-1.19
prices longer-term inflation,3,2,5,-1.19
dissipate however,2,2,5,-1.19
indicators of labor,3,2,5,-1.19
mortgage-backed,1,150,157,-1.19
changed,1,35,42,-1.18
while,1,36,43,-1.18
remained low,2,6,10,-1.15
size and composition,3,12,17,-1.15
activity will expand,3,24,30,-1.14
auction these programs,3,0,6,-1.13
objective only,2,0,6,-1.13
continue to add,3,0,6,-1.13
nearly balanced tilted,3,0,6,-1.13
longer-run objective only,3,0,6,-1.13
only partly,2,0,6,-1.13
objective only partly,3,0,6,-1.13
stance of appropriate,3,0,6,-1.13
subdued household,2,0,6,-1.13
sustained basis,2,0,6,-1.13
recent months,2,92,99,-1.13
subdued household spending,3,0,6,-1.13
balances,1,0,6,-1.13
also decided,2,13,18,-1.13
index for personal,3,0,6,-1.13
interest rates provide,3,0,6,-1.13
only partly reflecting,3,0,6,-1.13
programs should put,3,0,6,-1.13
necessary to return,3,0,6,-1.13
imports market-based,2,7,11,-1.11
term inflation,2,7,11,-1.11
measures of longer-term,3,27,33,-1.11
billion of longer-term,3,7,11,-1.11
imports market-based measures,3,7,11,-1.11
job gains have,3,14,19,-1.11
core,1,3,6,-1.1
remains strong,2,3,6,-1.1
changed little,2,3,6,-1.1
slower pace,2,3,6,-1.1
has have,2,3,6,-1.1
provide,1,15,20,-1.1
developments abroad,2,3,6,-1.1
growth of household,3,3,6,-1.1
reflecting higher,2,3,6,-1.1
food and energy,3,15,20,-1.1
furthermore strains,2,3,6,-1.1
financial conditions have,3,3,6,-1.1
measures of inflation,3,30,36,-1.1
support,1,123,129,-1.09
now,1,16,21,-1.08
basis,1,33,39,-1.08
average,1,33,39,-1.08
does,1,8,12,-1.08
support mortgage markets,3,17,22,-1.07
support mortgage,2,17,22,-1.07
has been rising,3,17,22,-1.07
interest rates support,3,17,22,-1.07
food,1,17,22,-1.07
until,1,41,47,-1.06
help to make,3,18,23,-1.06
purchasing,1,18,23,-1.06
pose,1,18,23,-1.06
auction,1,45,51,-1.05
unemployment rate has,3,19,24,-1.05
securities at auction,3,45,51,-1.05
holdings,1,171,175,-1.05
rolling,1,45,51,-1.05
rolling over maturing,3,45,51,-1.05
maintaining its existing,3,48,54,-1.04
strong,1,53,59,-1.04
pressures,1,71,77,-1.04
judges,1,78,84,-1.04
months,1,123,128,-1.03
remains depressed inflation,3,4,7,-1.03
pace of improvement,3,4,7,-1.03
longer-term,1,188,191,-1.03
commodities have,2,4,7,-1.03
current pace,2,4,7,-1.03
composition,1,21,26,-1.03
well anchored,2,22,27,-1.02
anchored,1,22,27,-1.02
remains elevated,2,22,27,-1.02
downside risks,2,23,28,-1.01
have continued,2,11,15,-1.0
run below,2,25,30,-1.0
maintain the current,3,12,16,-0.98
decided to keep,3,12,16,-0.98
pace in recent,3,5,8,-0.98
declined somewhat,2,5,8,-0.98
run fomc,2,5,8,-0.98
has moderated,2,5,8,-0.98
power,1,5,8,-0.98
longer run fomc,3,5,8,-0.98
moderate rate job,3,5,8,-0.98
global financial,2,12,16,-0.98
purchasing power,2,5,8,-0.98
has remained low,3,5,8,-0.98
extension,1,5,8,-0.98
activity has,2,36,41,-0.96
economic activity has,3,34,39,-0.96
maturing treasury,2,47,52,-0.95
gradually,1,46,51,-0.95
readings,1,57,62,-0.95
maturing treasury securities,3,47,52,-0.95
global,1,43,48,-0.95
accommodation,1,63,68,-0.95
outlook for economic,3,14,18,-0.95
longer,1,60,65,-0.95
policy accommodation,2,58,63,-0.95
review,1,16,20,-0.93
regularly,1,16,20,-0.93
spending has continued,3,6,9,-0.93
only gradually,2,6,9,-0.93
regularly review,2,16,20,-0.93
promote stronger economic,3,18,22,-0.91
normalize,1,2,4,-0.9
expects inflation,2,7,10,-0.9
far this year,3,2,4,-0.9
mainly reflecting higher,3,2,4,-0.9
sustained improvement,2,7,10,-0.9
although household,2,2,4,-0.9
far,1,2,4,-0.9
further support,2,2,4,-0.9
remained solid,2,2,4,-0.9
persist,1,2,4,-0.9
advance but growth,3,2,4,-0.9
lower energy,2,2,4,-0.9
normalize the stance,3,2,4,-0.9
lower energy prices,3,2,4,-0.9
investment and exports,3,2,4,-0.9
light of global,3,2,4,-0.9
pace of purchases,3,2,4,-0.9
beginning to normalize,3,2,4,-0.9
picked up somewhat,3,2,4,-0.9
auction this policy,3,7,10,-0.9
patient in beginning,3,2,4,-0.9
continued to advance,3,7,10,-0.9
inflation expectations,2,176,177,-0.9
mandate to promote,3,2,4,-0.9
become somewhat,2,2,4,-0.9
somewhat slower,2,2,4,-0.9
although household spending,3,2,4,-0.9
higher prices,2,2,4,-0.9
somewhat slower pace,3,2,4,-0.9
through the end,3,7,10,-0.9
support sustained,2,2,4,-0.9
sheet in light,3,2,4,-0.9
weak on month,3,2,4,-0.9
month basis,2,20,24,-0.89
indicators,1,117,120,-0.89
above,1,24,28,-0.87
inflation this assessment,3,24,28,-0.87
symmetric inflation,2,8,11,-0.87
has remained,2,8,11,-0.87
about billion,2,8,11,-0.87
rise gradually,2,8,11,-0.87
survey-based measures,2,29,33,-0.86
inflation pressures,2,62,66,-0.86
survey-based,1,29,33,-0.86
little changed,2,32,36,-0.85
tools as necessary,3,9,12,-0.85
appropriate at least,3,9,12,-0.85
decided to continue,3,9,12,-0.85
make,1,35,39,-0.85
running,1,30,34,-0.85
debt and agency,3,50,54,-0.85
symmetric,1,35,39,-0.85
little,1,39,43,-0.85
end,1,34,38,-0.85
gains,1,44,48,-0.85
securities in agency,3,48,52,-0.85
month,1,95,98,-0.84
continues to run,3,10,13,-0.83
expectations continue,2,10,13,-0.83
inflation expectations continue,3,10,13,-0.83
remain low survey-based,3,10,13,-0.83
significant downside risks,3,10,13,-0.83
low survey-based measures,3,10,13,-0.83
significant downside,2,10,13,-0.83
low survey-based,2,10,13,-0.83
risks,1,89,92,-0.83
supply chain,2,3,5,-0.82
overall financial,2,3,5,-0.82
pace business,2,3,5,-0.82
supply,1,3,5,-0.82
appropriate stance,2,3,5,-0.82
overall financial conditions,3,3,5,-0.82
monetary policy accommodation,3,3,5,-0.82
remain,1,143,144,-0.82
due,1,3,5,-0.82
reducing,1,3,5,-0.82
generate,1,3,5,-0.82
inflation for items,3,11,14,-0.82
generate sustained,2,3,5,-0.82
help foster,2,3,5,-0.82
chain disruptions,2,3,5,-0.82
chain,1,3,5,-0.82
pace and labor,3,11,14,-0.82
labor market remains,3,3,5,-0.82
energy are running,3,3,5,-0.82
improvement in recent,3,3,5,-0.82
supply chain disruptions,3,3,5,-0.82
outlook in light,3,3,5,-0.82
have declined somewhat,3,3,5,-0.82
soft inflation,2,3,5,-0.82
sell,1,3,5,-0.82
amount,1,3,5,-0.82
generate sustained improvement,3,3,5,-0.82
mixed,1,3,5,-0.82
have has,2,3,5,-0.82
further inflation,2,3,5,-0.82
commodities have declined,3,3,5,-0.82
enough to generate,3,3,5,-0.82
strong enough,2,3,5,-0.82
pace business fixed,3,3,5,-0.82
provide additional,2,3,5,-0.82
related,1,3,5,-0.82
somewhat,1,82,85,-0.81
moderated,1,12,15,-0.8
items,1,12,15,-0.8
remained,1,71,74,-0.79
intends,1,14,17,-0.78
inflation expectations remain,3,14,17,-0.78
expectations remain,2,14,17,-0.78
fixed investment has,3,14,17,-0.78
least through,2,16,19,-0.77
addition,1,15,18,-0.77
remain well,2,15,18,-0.77
partly reflecting declines,3,4,6,-0.76
anticipates,1,120,121,-0.76
indicators of longer-term,3,4,6,-0.76
depressed inflation has,3,4,6,-0.76
sales,1,4,6,-0.76
third,1,4,6,-0.76
billion,1,90,92,-0.76
september october,2,4,6,-0.76
have moved,2,4,6,-0.76
continued to run,3,18,21,-0.76
stability in determining,3,4,6,-0.76
lower in recent,3,4,6,-0.76
rising at moderate,3,4,6,-0.76
maturing,1,49,52,-0.75
program,1,87,89,-0.75
job,1,41,44,-0.74
promote stronger,2,24,27,-0.74
stronger,1,46,49,-0.74
long to maintain,3,23,26,-0.74
expectations are little,3,23,26,-0.74
slowed,1,37,40,-0.73
rising at strong,3,5,7,-0.72
inflation has declined,3,5,7,-0.72
slowly,1,5,7,-0.72
appropriate to promote,3,5,7,-0.72
assessments,1,5,7,-0.72
purchasing additional agency,3,5,7,-0.72
declined further,2,5,7,-0.72
depressed level,2,5,7,-0.72
had,1,5,7,-0.72
gradually toward levels,3,5,7,-0.72
expectations,1,181,178,-0.7
pace of about,3,6,8,-0.69
depressed inflation,2,6,8,-0.69
even though,2,6,8,-0.69
fixed investment,2,63,65,-0.69
basis overall inflation,3,6,8,-0.69
month basis overall,3,6,8,-0.69
longer-term inflation,2,94,95,-0.69
toward its objective,3,6,8,-0.69
basis overall,2,6,8,-0.69
unemployment,1,116,116,-0.69
decline only,2,6,8,-0.69
economy has,2,6,8,-0.69
energy,1,92,93,-0.69
anticipates based,2,6,8,-0.69
appropriate to support,3,6,8,-0.69
fixed,1,63,65,-0.69
about billion per,3,6,8,-0.69
labor,1,382,367,-0.69
lending,1,6,8,-0.69
business fixed investment,3,62,64,-0.68
reinvesting principal,2,60,62,-0.68
business fixed,2,62,64,-0.68
reinvesting principal payments,3,60,62,-0.68
recent,1,157,155,-0.68
fluctuations,1,7,9,-0.67
sustained expansion,2,8,10,-0.66
muted inflation pressures,3,8,10,-0.66
below percent market-based,3,8,10,-0.66
symmetric inflation goal,3,8,10,-0.66
compensation have,2,8,10,-0.66
holdings as appropriate,3,8,10,-0.66
muted inflation,2,8,10,-0.66
pose significant downside,3,8,10,-0.66
measures,1,148,146,-0.66
solid on average,3,9,11,-0.64
pace with labor,3,9,11,-0.64
above percent inflation,3,9,11,-0.64
additional,1,44,46,-0.64
disruptions,1,9,11,-0.64
suggests,1,45,47,-0.64
evidence,1,9,11,-0.64
rising moderately,2,10,12,-0.63
monitoring inflation,2,10,12,-0.63
job gains,2,40,42,-0.63
adjust those holdings,3,10,12,-0.63
largely,1,10,12,-0.63
household spending,2,72,73,-0.63
outlook appear roughly,3,11,13,-0.62
near mandate-consistent,2,12,14,-0.62
expectations remain well,3,12,14,-0.62
after employment,2,12,14,-0.62
near mandate-consistent levels,3,12,14,-0.62
longer-term inflation expectations,3,94,94,-0.62
even after employment,3,12,14,-0.62
remain well anchored,3,12,14,-0.62
global financial markets,3,12,14,-0.62
appropriate to maintain,3,12,14,-0.62
december,1,31,33,-0.61
overall inflation,2,14,16,-0.61
longer-term treasury securities,3,32,34,-0.61
prepared to adjust,3,13,15,-0.61
non-energy,1,14,16,-0.61
currently anticipates,2,32,34,-0.61
mandate-consistent,1,14,16,-0.61
help ensure,2,31,33,-0.61
expected toward,2,14,16,-0.61
longer-term treasury,2,32,34,-0.61
inflation and inflation,3,17,19,-0.6
anticipated,1,26,28,-0.6
investment has,2,16,18,-0.6
measured,1,17,19,-0.6
compensation remain,2,18,20,-0.6
inflation compensation remain,3,18,20,-0.6
support stronger,2,19,21,-0.6
determining how long,3,23,25,-0.6
substantially,1,22,24,-0.6
conditions have,2,20,22,-0.6
gradually toward,2,15,17,-0.6
investment,1,88,88,-0.6
ends,1,15,17,-0.6
principal,1,63,64,-0.6
spending has,2,25,27,-0.6
normal,1,15,17,-0.6
expanding at moderate,3,19,21,-0.6
household spending has,3,25,27,-0.6
have,1,216,209,-0.59
principal payments,2,62,63,-0.59
per,1,61,62,-0.59
foster,1,85,85,-0.59
per month,2,61,62,-0.59
holdings of agency,3,59,60,-0.58
economic outlook,2,104,103,-0.58
developments,1,157,153,-0.57
remains,1,121,119,-0.57
pressures and inflation,3,54,55,-0.57
expectations and readings,3,52,53,-0.56
indicators of inflation,3,52,53,-0.56
readings on financial,3,52,53,-0.56
consistent,1,218,210,-0.55
measures of labor,3,51,52,-0.55
energy prices,2,47,48,-0.54
have remained,2,45,46,-0.53
including measures,2,42,43,-0.52
economic recovery,2,88,87,-0.52
financial,1,205,197,-0.51
keeping,1,35,36,-0.5
poses,1,3,4,-0.49
soft inflation has,3,3,4,-0.49
mortgage backed securities,3,3,4,-0.49
variations,1,3,4,-0.49
showed further improvement,3,3,4,-0.49
seen further,2,3,4,-0.49
uncertainties,1,3,4,-0.49
promote economic recovery,3,3,4,-0.49
has seen further,3,3,4,-0.49
factors dissipate,2,3,4,-0.49
months in part,3,3,4,-0.49
expanding its holdings,3,3,4,-0.49
variations that largely,3,3,4,-0.49
settle,1,3,4,-0.49
low most survey-based,3,3,4,-0.49
showed further,2,3,4,-0.49
seen further improvement,3,3,4,-0.49
act as appropriate,3,3,4,-0.49
time following,2,3,4,-0.49
exceed,1,3,4,-0.49
through,1,33,34,-0.49
shown further improvement,3,3,4,-0.49
grow strongly,2,3,4,-0.49
outlook this assessment,3,3,4,-0.49
indicators were mixed,3,3,4,-0.49
remain well below,3,3,4,-0.49
temporary variations,2,3,4,-0.49
employ its tools,3,3,4,-0.49
backed securities,2,3,4,-0.49
inflation along,2,3,4,-0.49
promote economic,2,3,4,-0.49
continued to grow,3,3,4,-0.49
weigh,1,3,4,-0.49
fluctuations in energy,3,3,4,-0.49
along with risks,3,3,4,-0.49
recovery is continuing,3,3,4,-0.49
apart from temporary,3,3,4,-0.49
reserve's,1,3,4,-0.49
albeit,1,3,4,-0.49
considerable time following,3,3,4,-0.49
begin,1,32,33,-0.49
outlook remain,2,3,4,-0.49
months on balance,3,3,4,-0.49
uncertainties about,2,3,4,-0.49
april suggests,2,3,4,-0.49
employment in context,3,3,4,-0.49
accommodative,1,114,111,-0.48
assess,1,54,54,-0.47
inflation developments,2,29,30,-0.47
unemployment rate remains,3,27,28,-0.47
appropriate policy,2,24,25,-0.46
growth in employment,3,4,5,-0.46
payrolls housing starts,3,4,5,-0.46
price stability goals,3,4,5,-0.46
slow,1,26,27,-0.46
continue through,2,4,5,-0.46
policy remains appropriate,3,4,5,-0.46
objective to support,3,4,5,-0.46
securities holdings,2,26,27,-0.46
steady,1,4,5,-0.46
stability goals,2,4,5,-0.46
without,1,4,5,-0.46
modest pace,2,4,5,-0.46
housing markets,2,4,5,-0.46
longer-run goal,2,24,25,-0.46
payrolls housing,2,4,5,-0.46
october december,2,4,5,-0.46
higher,1,24,25,-0.46
spending and business,3,24,25,-0.46
sooner than currently,3,4,5,-0.46
january suggests,2,4,5,-0.46
while growth,2,4,5,-0.46
purchase billion,2,4,5,-0.46
conditions in context,3,4,5,-0.46
however investment,2,4,5,-0.46
expects then increases,3,4,5,-0.46
inflation has picked,3,4,5,-0.46
enough,1,4,5,-0.46
conditions indicators,2,52,52,-0.46
employment and inflation,3,52,52,-0.46
recent indicators,2,4,5,-0.46
appropriate policy accommodation,3,24,25,-0.46
remain subdued,2,4,5,-0.46
likely outcomes,2,5,6,-0.45
likely reduce,2,5,6,-0.45
month and longer-term,3,5,6,-0.45
become appropriate,2,5,6,-0.45
carefully for evidence,3,5,6,-0.45
now expects,2,5,6,-0.45
goals of maximum,3,23,24,-0.45
mainly reflecting,2,5,6,-0.45
balanced approach consistent,3,23,24,-0.45
pace of recovery,3,5,6,-0.45
decides,1,23,24,-0.45
have been strong,3,5,6,-0.45
activity and labor,3,5,6,-0.45
approach consistent,2,23,24,-0.45
inflation developments carefully,3,5,6,-0.45
increase its holdings,3,5,6,-0.45
developments and muted,3,5,6,-0.45
spending is increasing,3,5,6,-0.45
reaffirmed,1,22,23,-0.45
suggests that underutilization,3,5,6,-0.45
guidance,1,5,6,-0.45
beginning,1,22,23,-0.45
credit markets,2,5,6,-0.45
closely in view,3,5,6,-0.45
global economic,2,19,20,-0.44
inflation has,2,48,48,-0.44
price,1,184,176,-0.44
furthermore,1,6,7,-0.44
today reaffirmed,2,20,21,-0.44
inflation on month,3,6,7,-0.44
growth in business,3,6,7,-0.44
closely,1,48,48,-0.44
recovery in context,3,6,7,-0.44
anticipated to remain,3,6,7,-0.44
still weak,2,6,7,-0.44
reaffirmed its view,3,20,21,-0.44
structures is still,3,6,7,-0.44
indicate,1,6,7,-0.44
compensation remain low,3,18,19,-0.44
gradually decline toward,3,7,8,-0.43
improves,1,8,9,-0.43
inflation developments relative,3,8,9,-0.43
expected inflation developments,3,8,9,-0.43
developments relative,2,8,9,-0.43
risks to economic,3,8,9,-0.43
accommodative thereby,2,15,16,-0.43
average in recent,3,14,15,-0.43
move back toward,3,8,9,-0.43
public health,2,7,8,-0.43
labor market improves,3,8,9,-0.43
december january,2,8,9,-0.43
term near-term risks,3,7,8,-0.43
gradually decline,2,7,8,-0.43
health,1,7,8,-0.43
whether,1,7,8,-0.43
symmetric percent objective,3,14,15,-0.43
term near-term,2,7,8,-0.43
support the economy,3,7,8,-0.43
remains accommodative thereby,3,15,16,-0.43
move back,2,14,15,-0.43
economic performance,2,8,9,-0.43
advancing,1,7,8,-0.43
housing sector remains,3,14,15,-0.43
program ends,2,15,16,-0.43
improves further,2,8,9,-0.43
somewhat further,2,14,15,-0.43
inflation compensation have,3,8,9,-0.43
closer,1,7,8,-0.43
basis both overall,3,7,8,-0.43
first half,2,7,8,-0.43
time warrant,2,14,15,-0.43
anticipates that inflation,3,15,16,-0.43
medium term near-term,3,7,8,-0.43
recent low,2,8,9,-0.43
performance,1,8,9,-0.43
intends to purchase,3,8,9,-0.43
expected inflation,2,8,9,-0.43
continue purchasing,2,8,9,-0.43
stabilize,1,8,9,-0.43
purchase program ends,3,15,16,-0.43
after the asset,3,14,15,-0.43
remains appropriate,2,16,17,-0.43
sector remains,2,14,15,-0.43
accommodative thereby supporting,3,15,16,-0.43
inflation will move,3,14,15,-0.43
additional measures,2,9,10,-0.42
slower,1,12,13,-0.42
have increased,2,10,11,-0.42
pose significant,2,9,10,-0.42
percentage point above,3,9,10,-0.42
projected inflation continues,3,10,11,-0.42
continued to expand,3,11,12,-0.42
fiscal policy,2,13,14,-0.42
economic outlook appear,3,12,13,-0.42
occur,1,10,11,-0.42
inflation continues,2,10,11,-0.42
also anticipates,2,11,12,-0.42
outlook appear,2,12,13,-0.42
advance,1,10,11,-0.42
sustained return,2,10,11,-0.42
payments,1,64,63,-0.42
policy is restraining,3,11,12,-0.42
monitoring inflation developments,3,10,11,-0.42
continue to pose,3,9,10,-0.42
inflation objective,2,12,13,-0.42
strains in global,3,12,13,-0.42
remains above,2,9,10,-0.42
also consider,2,9,10,-0.42
pose risks,2,9,10,-0.42
apart,1,9,10,-0.42
accommodation economic growth,3,10,11,-0.42
supports,1,11,12,-0.42
has slowed,2,13,14,-0.42
projected inflation,2,10,11,-0.42
objective,1,133,128,-0.42
rising,1,42,42,-0.41
billion per,2,61,60,-0.41
ensure that inflation,3,42,42,-0.41
longer-run,1,98,95,-0.41
billion per month,3,61,60,-0.41
context of price,3,39,39,-0.4
september,1,40,40,-0.4
mandate,1,172,164,-0.39
currently,1,73,71,-0.38
assessment,1,71,69,-0.37
conditions and inflation,3,33,33,-0.37
seeks,1,71,69,-0.37
remain low,2,32,32,-0.36
statutory mandate,2,68,66,-0.35
january,1,31,31,-0.35
dual,1,84,81,-0.35
continued progress toward,3,30,30,-0.35
continued progress,2,30,30,-0.35
purchase,1,67,65,-0.35
moderately,1,31,31,-0.35
dual mandate,2,84,81,-0.35
support continued progress,3,28,28,-0.34
support continued,2,28,28,-0.34
also,1,66,64,-0.34
maintain,1,142,135,-0.33
ensure,1,46,45,-0.33
take into account,3,46,45,-0.33
account wide,2,46,45,-0.33
wide,1,47,46,-0.33
reinvesting,1,64,62,-0.33
remove,1,24,24,-0.31
longer-run goals,2,24,24,-0.31
assessment will take,3,43,42,-0.31
decides to begin,3,23,23,-0.31
modest,1,24,24,-0.31
however,1,91,87,-0.3
goal,1,42,41,-0.3
expand,1,58,56,-0.3
expects,1,118,112,-0.29
recovery,1,118,112,-0.29
expand at moderate,3,40,39,-0.29
near,1,73,70,-0.29
depressed,1,21,21,-0.29
appear,1,20,20,-0.28
maintain accommodative,2,20,20,-0.28
help maintain accommodative,3,20,20,-0.28
maintain accommodative financial,3,20,20,-0.28
prevail,1,18,18,-0.27
projected,1,37,36,-0.27
evolve,1,18,18,-0.27
financial and international,3,37,36,-0.27
evolve in manner,3,18,18,-0.27
moderate pace,2,69,66,-0.27
actual and expected,3,17,17,-0.26
strong labor,2,17,17,-0.26
labor market conditions,3,193,181,-0.26
seeks to foster,3,68,65,-0.26
existing policy,2,52,50,-0.26
household,1,80,76,-0.25
assess progress,2,16,16,-0.25
progress both realized,3,16,16,-0.25
exports,1,16,16,-0.25
purchases of treasury,3,16,16,-0.25
securities at pace,3,35,34,-0.25
medium run,2,15,15,-0.25
views as normal,3,14,14,-0.24
warrant keeping,2,14,14,-0.24
existing,1,64,61,-0.24
determining,1,64,61,-0.24
purchases to support,3,14,14,-0.24
first,1,14,14,-0.24
time warrant keeping,3,14,14,-0.24
levels economic conditions,3,14,14,-0.24
mandate-consistent levels,2,14,14,-0.24
growth in economic,3,14,14,-0.24
underutilization of labor,3,14,14,-0.24
prices of non-energy,3,14,14,-0.24
inflation are near,3,14,14,-0.24
mandate-consistent levels economic,3,14,14,-0.24
levels economic,2,14,14,-0.24
spending,1,92,87,-0.23
moved,1,13,13,-0.23
investment have,2,13,13,-0.23
appear roughly balanced,3,13,13,-0.23
around,1,13,13,-0.23
action,1,13,13,-0.23
appear roughly,2,13,13,-0.23
restraining,1,13,13,-0.23
current,1,76,72,-0.22
have been solid,3,12,12,-0.22
march,1,30,29,-0.22
considerable,1,30,29,-0.22
expects to maintain,3,12,12,-0.22
outcomes,1,12,12,-0.22
remain appropriate,2,12,12,-0.22
restraining economic,2,12,12,-0.22
employment and price,3,118,111,-0.22
further measured,2,12,12,-0.22
restraining economic growth,3,12,12,-0.22
prices dissipate,2,11,11,-0.21
inflation near,2,11,11,-0.21
sector,1,45,43,-0.21
extended period,2,11,11,-0.21
housing sector,2,45,43,-0.21
import prices dissipate,3,11,11,-0.21
additional agency,2,10,10,-0.2
likely to occur,3,10,10,-0.2
conditions and sustained,3,10,10,-0.2
realized and expected,3,58,55,-0.2
partly reflecting earlier,3,10,10,-0.2
muted,1,10,10,-0.2
percentage,1,10,10,-0.2
view that highly,3,10,10,-0.2
further however,2,10,10,-0.2
currently anticipated,2,10,10,-0.2
available,1,10,10,-0.2
part because,2,9,9,-0.19
indicators suggests,2,9,9,-0.19
provided that longer-term,3,9,9,-0.19
investment advanced,2,9,9,-0.19
stayed,1,9,9,-0.19
developments in light,3,9,9,-0.19
including additional measures,3,9,9,-0.19
half percentage,2,9,9,-0.19
fixed investment advanced,3,9,9,-0.19
financial markets continue,3,8,8,-0.18
continuing to move,3,8,8,-0.18
recognizes that inflation,3,8,8,-0.18
rise gradually toward,3,8,8,-0.18
inflation persistently,2,8,8,-0.18
conditions have improved,3,8,8,-0.18
exports have,2,8,8,-0.18
warranted,1,8,8,-0.18
carefully,1,26,25,-0.18
remains depressed,2,8,8,-0.18
pace and composition,3,8,8,-0.18
running persistently,2,8,8,-0.18
markets continue,2,8,8,-0.18
public,1,8,8,-0.18
implications of incoming,3,8,8,-0.18
monitor the implications,3,8,8,-0.18
inflation persistently below,3,8,8,-0.18
inflation is expected,3,8,8,-0.18
restraint,1,8,8,-0.18
only gradual,2,8,8,-0.18
holdings of treasury,3,8,8,-0.18
conditions will strengthen,3,8,8,-0.18
warrant only gradual,3,8,8,-0.18
near its recent,3,8,8,-0.18
only gradual increases,3,8,8,-0.18
balanced approach,2,26,25,-0.18
have been soft,3,8,8,-0.18
sector remains depressed,3,8,8,-0.18
running persistently below,3,8,8,-0.18
rapid,1,7,7,-0.17
stability if incoming,3,7,7,-0.17
although the extent,3,7,7,-0.17
judges most consistent,3,7,7,-0.17
incoming information broadly,3,7,7,-0.17
improvement in labor,3,39,37,-0.17
last year,2,7,7,-0.17
together these actions,3,7,7,-0.17
adjust,1,25,24,-0.17
expanding moderately,2,7,7,-0.17
flow of credit,3,7,7,-0.17
moving toward,2,7,7,-0.17
decided,1,108,101,-0.17
economic growth although,3,7,7,-0.17
growth although,2,7,7,-0.17
inflation is anticipated,3,7,7,-0.17
indicators continuing,2,7,7,-0.17
slack,1,7,7,-0.17
appropriate to raise,3,7,7,-0.17
flow,1,7,7,-0.17
securities purchases,2,7,7,-0.17
restraint is diminishing,3,6,6,-0.16
activity has continued,3,6,6,-0.16
spending appears,2,6,6,-0.16
basis is expected,3,6,6,-0.16
accommodative financial conditions,3,24,23,-0.16
june july,2,6,6,-0.16
has seen,2,6,6,-0.16
accommodative financial,2,24,23,-0.16
have shown,2,6,6,-0.16
housing starts,2,6,6,-0.16
improved further however,3,6,6,-0.16
effects of declines,3,6,6,-0.16
january march,2,6,6,-0.16
purchases in further,3,6,6,-0.16
evolution,1,6,6,-0.16
policy of reinvesting,3,52,49,-0.16
measured reduction,2,6,6,-0.16
pace labor,2,6,6,-0.16
stronger pace,2,6,6,-0.16
new,1,6,6,-0.16
starts,1,6,6,-0.16
total,1,6,6,-0.16
remove policy accommodation,3,24,23,-0.16
first quarter,2,6,6,-0.16
support ongoing,2,6,6,-0.16
remove policy,2,24,23,-0.16
make further measured,3,6,6,-0.16
slowing,1,6,6,-0.16
further measured steps,3,6,6,-0.16
household spending appears,3,6,6,-0.16
expanding,1,38,36,-0.16
credit business spending,3,6,6,-0.16
housing,1,66,62,-0.16
investment is advancing,3,6,6,-0.16
further measured reduction,3,6,6,-0.16
now anticipates,2,6,6,-0.16
make further,2,6,6,-0.16
global developments,2,6,6,-0.16
begin to remove,3,24,23,-0.16
mainly,1,6,6,-0.16
moderate pace labor,3,6,6,-0.16
account,1,65,61,-0.15
has been expanding,3,23,22,-0.15
pace,1,243,225,-0.15
moderate,1,104,97,-0.15
support ongoing improvement,3,5,5,-0.14
decreasing,1,5,5,-0.14
expected then increases,3,5,5,-0.14
conditions,1,374,345,-0.14
inflation objectives,2,5,5,-0.14
investment in equipment,3,5,5,-0.14
currently anticipated conversely,3,5,5,-0.14
foster maximum employment,3,76,71,-0.14
employment have,2,5,5,-0.14
program as needed,3,5,5,-0.14
functioning,1,5,5,-0.14
conversely if progress,3,5,5,-0.14
supporting strong,2,5,5,-0.14
proves slower,2,5,5,-0.14
shown some further,3,5,5,-0.14
progress proves,2,5,5,-0.14
oil prices,2,5,5,-0.14
conversely,1,5,5,-0.14
outlook including,2,5,5,-0.14
remain strong,2,5,5,-0.14
sector remains slow,3,5,5,-0.14
during the winter,3,5,5,-0.14
economic outlook including,3,5,5,-0.14
below those consistent,3,5,5,-0.14
supporting strong labor,3,5,5,-0.14
low household,2,5,5,-0.14
further signs,2,5,5,-0.14
diminishing inflation has,3,5,5,-0.14
low household spending,3,5,5,-0.14
occur sooner,2,5,5,-0.14
has stayed,2,5,5,-0.14
occur later,2,5,5,-0.14
slower than expected,3,5,5,-0.14
proves,1,5,5,-0.14
anticipated conversely,2,5,5,-0.14
overall labor,2,5,5,-0.14
stayed low,2,5,5,-0.14
thereby supporting strong,3,5,5,-0.14
has stayed low,3,5,5,-0.14
energy have,2,5,5,-0.14
shown further,2,5,5,-0.14
diminishing inflation,2,5,5,-0.14
further strengthening,2,5,5,-0.14
december suggests,2,5,5,-0.14
program in light,3,5,5,-0.14
strong on average,3,5,5,-0.14
july september,2,5,5,-0.14
progress proves slower,3,5,5,-0.14
restrain,1,5,5,-0.14
foster maximum,2,76,71,-0.14
october,1,22,21,-0.14
soon,1,5,5,-0.14
dissipate,1,22,21,-0.14
toward its economic,3,4,4,-0.13
spending is rising,3,4,4,-0.13
labor resources has,3,4,4,-0.13
recent pace,2,4,4,-0.13
evolving,1,4,4,-0.13
slowed somewhat,2,4,4,-0.13
continues to view,3,4,4,-0.13
commodity price,2,4,4,-0.13
economic objectives,2,4,4,-0.13
excluding,1,4,4,-0.13
price increases dissipate,3,4,4,-0.13
increases dissipate,2,4,4,-0.13
always,1,4,4,-0.13
little changed consistent,3,4,4,-0.13
time below,2,21,20,-0.13
expectations stable,2,4,4,-0.13
assess whether,2,4,4,-0.13
hardship,1,4,4,-0.13
growing underlying,2,4,4,-0.13
bank lending,2,4,4,-0.13
increase in oil,3,4,4,-0.13
price increases,2,4,4,-0.13
mortgage backed,2,4,4,-0.13
january march suggests,3,4,4,-0.13
conditions will remain,3,4,4,-0.13
commodity price increases,3,4,4,-0.13
until such improvement,3,4,4,-0.13
substantial resource slack,3,4,4,-0.13
late last,2,4,4,-0.13
march suggests,2,4,4,-0.13
showed,1,4,4,-0.13
pressures and longer-term,3,4,4,-0.13
labor market does,3,4,4,-0.13
changed consistent,2,4,4,-0.13
substantial resource,2,4,4,-0.13
winter months,2,4,4,-0.13
august september,2,4,4,-0.13
effective,1,4,4,-0.13
policy by keeping,3,21,20,-0.13
late last year,3,4,4,-0.13
growing underlying strength,3,4,4,-0.13
likely will run,3,4,4,-0.13
consistent with growing,3,4,4,-0.13
however in light,3,4,4,-0.13
forward,1,4,4,-0.13
warranted at least,3,4,4,-0.13
energy prices have,3,4,4,-0.13
resume,1,4,4,-0.13
following the end,3,4,4,-0.13
has moved,2,4,4,-0.13
have picked,2,4,4,-0.13
activity employment,2,4,4,-0.13
expectations stable inflation,3,4,4,-0.13
securities at sizable,3,21,20,-0.13
contract,1,4,4,-0.13
past energy,2,4,4,-0.13
virus,1,4,4,-0.13
improvement is achieved,3,4,4,-0.13
inflation expectations stable,3,4,4,-0.13
term taking,2,4,4,-0.13
prices and decreasing,3,4,4,-0.13
december january suggests,3,4,4,-0.13
agency mortgage backed,3,4,4,-0.13
rapid pace,2,4,4,-0.13
gains and declining,3,4,4,-0.13
slack continuing,2,4,4,-0.13
activity is expanding,3,4,4,-0.13
employment has slowed,3,4,4,-0.13
restrain cost pressures,3,4,4,-0.13
extent of progress,3,4,4,-0.13
does not improve,3,4,4,-0.13
help maintain,2,21,20,-0.13
resources has,2,4,4,-0.13
largely reflecting,2,4,4,-0.13
remained soft,2,4,4,-0.13
temporarily,1,4,4,-0.13
sector remained,2,4,4,-0.13
continuing to restrain,3,4,4,-0.13
medium term taking,3,4,4,-0.13
diminished somewhat,2,4,4,-0.13
improve substantially,2,4,4,-0.13
backed,1,4,4,-0.13
have been increasing,3,4,4,-0.13
inflation is likely,3,4,4,-0.13
levels should help,3,21,20,-0.13
sizable levels,2,21,20,-0.13
continue to take,3,4,4,-0.13
economic activity employment,3,4,4,-0.13
resources has diminished,3,4,4,-0.13
resource slack,2,4,4,-0.13
housing sector remained,3,4,4,-0.13
restrain cost,2,4,4,-0.13
financial markets,2,21,20,-0.13
resource slack continuing,3,4,4,-0.13
agency mortgage,2,4,4,-0.13
april,1,20,19,-0.12
economic activity,2,150,139,-0.12
changed on balance,3,20,19,-0.12
july,1,20,19,-0.12
financial developments,2,74,69,-0.12
slowed during,2,3,3,-0.11
financial conditions thereby,3,3,3,-0.11
investment has remained,3,3,3,-0.11
september october suggests,3,3,3,-0.11
investment has have,3,3,3,-0.11
has been growing,3,3,3,-0.11
sector slowed,2,3,3,-0.11
observed,1,3,3,-0.11
additional accommodation,2,3,3,-0.11
committee's dual mandate,3,3,3,-0.11
have eased,2,3,3,-0.11
causing,1,3,3,-0.11
strengthened somewhat,2,3,3,-0.11
prices inflation has,3,3,3,-0.11
although growth,2,3,3,-0.11
sector slowed somewhat,3,3,3,-0.11
achieve inflation moderately,3,3,3,-0.11
improvement the unemployment,3,3,3,-0.11
aim to achieve,3,3,3,-0.11
inflation will settle,3,3,3,-0.11
hardship across,2,3,3,-0.11
fomc statement march,3,3,3,-0.11
economy evolves,2,3,3,-0.11
economic hardship,2,3,3,-0.11
october suggests,2,3,3,-0.11
somewhat further inflation,3,3,3,-0.11
mandate furthermore strains,3,3,3,-0.11
committee's dual,2,3,3,-0.11
provide additional accommodation,3,3,3,-0.11
remained stable consistent,3,33,31,-0.11
reflect fluctuations,2,3,3,-0.11
mandate to support,3,3,3,-0.11
conditions thereby,2,3,3,-0.11
considerable risks,2,3,3,-0.11
slow inflation,2,3,3,-0.11
however net exports,3,3,3,-0.11
housing sector slowed,3,3,3,-0.11
have boosted,2,3,3,-0.11
realized,1,59,55,-0.11
have boosted household,3,3,3,-0.11
partly reflecting,2,19,18,-0.11
smooth market functioning,3,3,3,-0.11
tremendous human,2,3,3,-0.11
inflation moderately above,3,3,3,-0.11
balance labor,2,3,3,-0.11
conditions thereby supporting,3,3,3,-0.11
time thereby,2,3,3,-0.11
apart from fluctuations,3,3,3,-0.11
reflect,1,3,3,-0.11
year weaker demand,3,3,3,-0.11
investment appears,2,3,3,-0.11
large-scale,1,3,3,-0.11
track,1,3,3,-0.11
reflecting policy measures,3,3,3,-0.11
energy prices inflation,3,3,3,-0.11
labor utilization,2,3,3,-0.11
inflation moderately,2,3,3,-0.11
have shown further,3,3,3,-0.11
risen significantly,2,3,3,-0.11
covid pandemic,2,3,3,-0.11
adverse weather,2,3,3,-0.11
pace household,2,3,3,-0.11
covid,1,3,3,-0.11
stayed low household,3,3,3,-0.11
assess the economic,3,3,3,-0.11
purchasing longer-term,2,3,3,-0.11
however net,2,3,3,-0.11
lending has continued,3,3,3,-0.11
after having,2,3,3,-0.11
slow inflation has,3,3,3,-0.11
adverse weather conditions,3,3,3,-0.11
economic hardship across,3,3,3,-0.11
around the world,3,3,3,-0.11
reflecting policy,2,3,3,-0.11
states and around,3,3,3,-0.11
continue to assess,3,3,3,-0.11
gasoline prices,2,3,3,-0.11
further however net,3,3,3,-0.11
decreasing prices,2,3,3,-0.11
per month through,3,3,3,-0.11
proceed,1,3,3,-0.11
has diminished somewhat,3,3,3,-0.11
weather conditions,2,3,3,-0.11
achieve maximum employment,3,3,3,-0.11
ongoing public health,3,3,3,-0.11
support these outcomes,3,3,3,-0.11
challenging time thereby,3,3,3,-0.11
prepared to employ,3,3,3,-0.11
below levels,2,33,31,-0.11
ongoing public,2,3,3,-0.11
full,1,3,3,-0.11
investment have continued,3,3,3,-0.11
evolves,1,3,3,-0.11
promoting,1,3,3,-0.11
stable consistent,2,33,31,-0.11
committed,1,3,3,-0.11
fomc statement june,3,3,3,-0.11
coronavirus,1,3,3,-0.11
lower prices,2,3,3,-0.11
united,1,3,3,-0.11
continues to diminish,3,3,3,-0.11
measures to support,3,3,3,-0.11
causing tremendous,2,3,3,-0.11
manner,1,19,18,-0.11
virus the ongoing,3,3,3,-0.11
seeks to achieve,3,3,3,-0.11
challenging time,2,3,3,-0.11
decided to lower,3,3,3,-0.11
depend significantly,2,3,3,-0.11
cut,1,3,3,-0.11
remain somewhat below,3,3,3,-0.11
mandate moreover,2,3,3,-0.11
further near-term risks,3,3,3,-0.11
has been subdued,3,3,3,-0.11
addition over coming,3,3,3,-0.11
further action,2,3,3,-0.11
below this longer-run,3,3,3,-0.11
increasing at solid,3,3,3,-0.11
help foster accommodative,3,3,3,-0.11
inflation continued,2,3,3,-0.11
united states,2,3,3,-0.11
near percent indicators,3,3,3,-0.11
below their levels,3,3,3,-0.11
labor resources continues,3,3,3,-0.11
recent months growth,3,3,3,-0.11
foster accommodative,2,3,3,-0.11
pandemic is causing,3,3,3,-0.11
tremendous,1,3,3,-0.11
aim,1,3,3,-0.11
time after,2,19,18,-0.11
household purchasing,2,3,3,-0.11
facility to facilitate,3,3,3,-0.11
about this outlook,3,3,3,-0.11
compensation have declined,3,3,3,-0.11
improvement in overall,3,3,3,-0.11
continued to rise,3,3,3,-0.11
poses considerable,2,3,3,-0.11
remains slow inflation,3,3,3,-0.11
economy will depend,3,3,3,-0.11
months growth,2,3,3,-0.11
recovery and price,3,3,3,-0.11
holding down consumer,3,3,3,-0.11
using its full,3,3,3,-0.11
purchasing longer-term treasury,3,3,3,-0.11
medium term risks,3,3,3,-0.11
public health crisis,3,3,3,-0.11
due to changes,3,3,3,-0.11
take further,2,3,3,-0.11
later this year,3,3,3,-0.11
health labor,2,3,3,-0.11
fixed investment appears,3,3,3,-0.11
strengthens further near-term,3,3,3,-0.11
pace household spending,3,3,3,-0.11
changes in energy,3,3,3,-0.11
achieve maximum,2,3,3,-0.11
effects of earlier,3,3,3,-0.11
resources continues,2,3,3,-0.11
pace seen,2,3,3,-0.11
mortgage rates have,3,3,3,-0.11
weather-related disruptions,2,3,3,-0.11
term and poses,3,3,3,-0.11
anchored however,2,3,3,-0.11
sees the improvement,3,3,3,-0.11
largely reflect,2,3,3,-0.11
dual mandate moreover,3,3,3,-0.11
august fomc,2,3,3,-0.11
human and economic,3,3,3,-0.11
part reflecting policy,3,3,3,-0.11
across the united,3,3,3,-0.11
growth to remain,3,3,3,-0.11
continue to weigh,3,3,3,-0.11
year weaker,2,3,3,-0.11
businesses the path,3,3,3,-0.11
well anchored however,3,3,3,-0.11
boosted household purchasing,3,3,3,-0.11
has been increasing,3,3,3,-0.11
time thereby promoting,3,3,3,-0.11
pandemic,1,3,3,-0.11
health crisis,2,3,3,-0.11
largely reflect fluctuations,3,3,3,-0.11
improved somewhat,2,3,3,-0.11
proceed at moderate,3,3,3,-0.11
activity has picked,3,3,3,-0.11
prices have boosted,3,3,3,-0.11
growth will proceed,3,3,3,-0.11
june fomc,2,3,3,-0.11
strong rate job,3,3,3,-0.11
achieve inflation,2,3,3,-0.11
april fomc,2,3,3,-0.11
remain somewhat,2,3,3,-0.11
readings on public,3,3,3,-0.11
weather-related,1,3,3,-0.11
public health labor,3,3,3,-0.11
human,1,3,3,-0.11
run with inflation,3,3,3,-0.11
supporting the flow,3,3,3,-0.11
assessing the appropriate,3,3,3,-0.11
moderately above,2,3,3,-0.11
poses considerable risks,3,3,3,-0.11
boosted household,2,3,3,-0.11
take further action,3,3,3,-0.11
further near-term,2,3,3,-0.11
investment has slowed,3,3,3,-0.11
averages,1,3,3,-0.11
growing strongly,2,3,3,-0.11
action supports,2,3,3,-0.11
risk that inflation,3,3,3,-0.11
uncertainty,1,3,3,-0.11
growth will pick,3,3,3,-0.11
fluctuations due,2,3,3,-0.11
weaker demand,2,3,3,-0.11
household purchasing power,3,3,3,-0.11
policy action,2,3,3,-0.11
gradually but remains,3,3,3,-0.11
needed,1,19,18,-0.11
well as muted,3,3,3,-0.11
total of billion,3,3,3,-0.11
subdued in recent,3,3,3,-0.11
pace to sustain,3,3,3,-0.11
only slowly,2,3,3,-0.11
objective apart,2,3,3,-0.11
assessments will take,3,3,3,-0.11
has remained soft,3,3,3,-0.11
tools to support,3,3,3,-0.11
committed to using,3,3,3,-0.11
crisis will continue,3,3,3,-0.11
promoting its maximum,3,3,3,-0.11
inflation averages,2,3,3,-0.11
continues to expect,3,3,3,-0.11
implications of global,3,3,3,-0.11
causing tremendous human,3,3,3,-0.11
smooth,1,3,3,-0.11
improve gradually,2,3,3,-0.11
october december suggests,3,3,3,-0.11
foster accommodative financial,3,3,3,-0.11
rising at solid,3,3,3,-0.11
elevated,1,33,31,-0.11
across,1,3,3,-0.11
thereby promoting,2,3,3,-0.11
transitory effects,2,18,17,-0.1
statutory,1,71,66,-0.1
inflation over time,3,45,42,-0.1
activity,1,155,143,-0.09
carefully monitor actual,3,17,16,-0.09
toward levels,2,31,29,-0.09
continue its purchases,3,17,16,-0.09
persistently below,2,17,16,-0.09
carefully monitor,2,17,16,-0.09
monitor actual,2,17,16,-0.09
labor market has,3,31,29,-0.09
sees the risks,3,17,16,-0.09
purchase program,2,43,40,-0.08
increases,1,43,40,-0.08
have remained stable,3,43,40,-0.08
expected economic,2,29,27,-0.07
overall,1,41,38,-0.07
expected economic conditions,3,29,27,-0.07
treasury and agency,3,16,15,-0.07
closely monitor,2,29,27,-0.07
necessary,1,16,15,-0.07
has been running,3,15,14,-0.06
stability,1,174,160,-0.06
international developments,2,40,37,-0.06
labor resources,2,15,14,-0.06
become,1,15,14,-0.06
price stability,2,173,159,-0.06
resources,1,15,14,-0.06
continued,1,125,115,-0.06
international,1,40,37,-0.06
earlier,1,53,49,-0.06
near-term,1,15,14,-0.06
underutilization,1,15,14,-0.06
goals,1,40,37,-0.06
balanced,1,64,59,-0.05
near term,2,27,25,-0.05
nonresidential structures,2,14,13,-0.04
factors,1,26,24,-0.04
take balanced approach,3,26,24,-0.04
non-energy imports,2,14,13,-0.04
structures,1,14,13,-0.04
investment in nonresidential,3,14,13,-0.04
take balanced,2,26,24,-0.04
nonresidential,1,14,13,-0.04
take,1,87,80,-0.04
energy and import,3,14,13,-0.04
economic recovery strengthens,3,13,12,-0.03
recovery strengthens,2,13,12,-0.03
august,1,13,12,-0.03
remain near,2,13,12,-0.03
maintain downward pressure,3,13,12,-0.03
appropriate for considerable,3,13,12,-0.03
maintain downward,2,13,12,-0.03
fixed investment have,3,13,12,-0.03
business,1,84,77,-0.02
policy will remain,3,12,11,-0.01
strength,1,12,11,-0.01
extended,1,12,11,-0.01
near-term risks,2,12,11,-0.01
reflecting earlier declines,3,12,11,-0.01
balance consistent,2,12,11,-0.01
reflecting earlier,2,12,11,-0.01
tools,1,47,43,-0.01
recently,1,12,11,-0.01
economy,1,58,53,-0.0
decided to maintain,3,23,21,0.0
objective this assessment,3,11,10,0.01
continue,1,147,134,0.01
strengthens in particular,3,11,10,0.01
turn should promote,3,11,10,0.01
way this policy,3,11,10,0.01
credit to households,3,11,10,0.01
back toward,2,22,20,0.01
help to ensure,3,11,10,0.01
together,1,11,10,0.01
especially,1,11,10,0.01
outlook,1,217,198,0.01
recovery and help,3,11,10,0.01
return,1,44,40,0.02
remained stable,2,44,40,0.02
size,1,66,60,0.02
employ,1,33,30,0.02
strongly,1,10,9,0.03
significant,1,21,19,0.03
recognizes,1,10,9,0.03
additional agency mortgage-backed,3,10,9,0.03
including additional,2,10,9,0.03
especially if projected,3,10,9,0.03
expectation of ongoing,3,10,9,0.03
gasoline,1,10,9,0.03
expected to remain,3,10,9,0.03
anticipates that economic,3,20,18,0.04
quarter,1,20,18,0.04
activity strong labor,3,9,8,0.05
shortfall,1,9,8,0.05
employ its policy,3,9,8,0.05
current shortfall,2,9,8,0.05
following,1,9,8,0.05
shortfall of inflation,3,9,8,0.05
effects,1,30,27,0.05
activity strong,2,9,8,0.05
backdrop,1,9,8,0.05
against this backdrop,3,9,8,0.05
oil and gasoline,3,9,8,0.05
warrant only,2,9,8,0.05
economic activity strong,3,9,8,0.05
agency debt,2,63,57,0.05
nonetheless,1,9,8,0.05
asset purchase,2,40,36,0.06
asset purchase program,3,40,36,0.06
appropriate until,2,19,17,0.06
maintain highly accommodative,3,19,17,0.06
maintain highly,2,19,17,0.06
june,1,39,35,0.07
labor market indicators,3,39,35,0.07
signs of improvement,3,8,7,0.08
inflation as well,3,8,7,0.08
continues to closely,3,8,7,0.08
expected to prevail,3,18,16,0.08
effects of past,3,8,7,0.08
taken together,2,8,7,0.08
weaker,1,8,7,0.08
strengthen somewhat,2,8,7,0.08
developments in coming,3,18,16,0.08
inflation indicators,2,8,7,0.08
determining the size,3,8,7,0.08
expects that highly,3,8,7,0.08
determining the timing,3,28,25,0.08
size pace,2,8,7,0.08
informed,1,18,16,0.08
expects that economic,3,18,16,0.08
stabilize around,2,8,7,0.08
housing sector has,3,18,16,0.08
take appropriate,2,8,7,0.08
extent of restraint,3,8,7,0.08
remains slow,2,8,7,0.08
take appropriate account,3,8,7,0.08
outlook as informed,3,18,16,0.08
sector has,2,18,16,0.08
transitory,1,28,25,0.08
assess realized,2,28,25,0.08
appropriate account,2,8,7,0.08
objective could pose,3,8,7,0.08
indicators and global,3,8,7,0.08
informed by incoming,3,18,16,0.08
today to continue,3,8,7,0.08
strengthen somewhat further,3,8,7,0.08
part reflecting,2,8,7,0.08
anchored in determining,3,8,7,0.08
inflation goal,2,18,16,0.08
longer run,2,48,43,0.09
soft,1,17,15,0.1
prices,1,121,109,0.1
term,1,121,109,0.1
gradual adjustments,2,17,15,0.1
sees,1,37,33,0.1
course,1,17,15,0.1
auction taken,2,7,6,0.11
asset-purchase program,2,7,6,0.11
meetings however asset,3,7,6,0.11
tight credit business,3,7,6,0.11
developments carefully,2,7,6,0.11
committee's,1,7,6,0.11
running somewhat,2,7,6,0.11
less rapidly,2,7,6,0.11
credit business,2,7,6,0.11
term in part,3,7,6,0.11
auction taken together,3,7,6,0.11
outlook as well,3,7,6,0.11
recent low level,3,7,6,0.11
decided to make,3,7,6,0.11
reflecting declines,2,7,6,0.11
suggest,1,7,6,0.11
running somewhat below,3,7,6,0.11
supporting further improvement,3,7,6,0.11
supporting further,2,7,6,0.11
measured steps,2,7,6,0.11
sector has shown,3,7,6,0.11
progress,1,99,89,0.11
steps at future,3,7,6,0.11
thereby supporting further,3,7,6,0.11
achieved,1,7,6,0.11
asset-purchase,1,7,6,0.11
roughly balanced,2,16,14,0.12
oil,1,16,14,0.12
today,1,55,49,0.12
developments closely,2,16,14,0.12
securities and employ,3,16,14,0.12
declines in energy,3,44,39,0.13
weak,1,25,22,0.13
expectations have remained,3,44,39,0.13
monetary policy remains,3,25,22,0.13
context,1,44,39,0.13
substantially in context,3,15,13,0.14
has improved substantially,3,15,13,0.14
improved substantially,2,15,13,0.14
import,1,15,13,0.14
depend,1,24,21,0.14
import prices,2,15,13,0.14
implications,1,15,13,0.14
earlier declines,2,24,21,0.14
cost pressures,2,6,5,0.15
february,1,6,5,0.15
sector has improved,3,6,5,0.15
however business,2,6,5,0.15
future meetings,2,6,5,0.15
toward,1,167,150,0.15
attention,1,6,5,0.15
april june,2,6,5,0.15
evolution of inflation,3,6,5,0.15
conditions have shown,3,6,5,0.15
pay close attention,3,6,5,0.15
continues to expects,3,6,5,0.15
prices of crude,3,6,5,0.15
review the pace,3,6,5,0.15
promote stronger pace,3,6,5,0.15
term likely,2,6,5,0.15
price stability currently,3,6,5,0.15
net exports have,3,6,5,0.15
somewhat low,2,6,5,0.15
housing sector continues,3,6,5,0.15
currently the unemployment,3,6,5,0.15
currently judges,2,6,5,0.15
consequently anticipates,2,6,5,0.15
likelihood,1,6,5,0.15
advancing while,2,6,5,0.15
elevated and measures,3,6,5,0.15
close attention,2,6,5,0.15
has improved further,3,6,5,0.15
medium term likely,3,6,5,0.15
ends especially,2,6,5,0.15
pay,1,6,5,0.15
sector continues,2,6,5,0.15
pay close,2,6,5,0.15
winter,1,6,5,0.15
future meetings however,3,6,5,0.15
relative to levels,3,6,5,0.15
stability currently,2,6,5,0.15
program ends especially,3,6,5,0.15
net,1,14,12,0.16
run are likely,3,14,12,0.16
utilization and subdued,3,14,12,0.16
thereby supporting,2,23,20,0.16
until the outlook,3,14,12,0.16
subdued outlook,2,14,12,0.16
incoming,1,81,72,0.16
costs,1,23,20,0.16
levels consistent,2,23,20,0.16
anticipates that even,3,14,12,0.16
has continued,2,60,53,0.17
light,1,60,53,0.17
strengthens,1,22,19,0.18
size of future,3,31,27,0.18
conditions relative,2,31,27,0.18
preset,1,13,11,0.18
timing and size,3,31,27,0.18
maximum employment objective,3,13,11,0.18
contingent,1,13,11,0.18
preset course,2,13,11,0.18
recent quarters,2,13,11,0.18
expected labor,2,13,11,0.18
symmetric percent inflation,3,13,11,0.18
exceptionally,1,40,35,0.18
exceptionally low,2,40,35,0.18
economic conditions relative,3,31,27,0.18
after,1,49,43,0.19
weak employers remain,3,5,4,0.2
having diminished,2,5,4,0.2
summer,1,5,4,0.2
have improved further,3,5,4,0.2
normalization principles,2,5,4,0.2
price inflation,2,5,4,0.2
objectives has,2,5,4,0.2
principles,1,5,4,0.2
stability although,2,5,4,0.2
partly,1,21,18,0.2
sees the downside,3,5,4,0.2
excess,1,5,4,0.2
past declines,2,5,4,0.2
weak employers,2,5,4,0.2
increased in recent,3,5,4,0.2
sheet normalization,2,5,4,0.2
price stability although,3,5,4,0.2
month through,2,5,4,0.2
begins,1,5,4,0.2
principles and plans,3,5,4,0.2
however business fixed,3,5,4,0.2
moderately and business,3,5,4,0.2
solid,1,39,34,0.2
fomc,1,48,42,0.2
change,1,5,4,0.2
during the first,3,5,4,0.2
associated,1,5,4,0.2
improving,1,5,4,0.2
january fomc,2,5,4,0.2
balance sheet normalization,3,5,4,0.2
highly accommodative stance,3,39,34,0.2
continue expanding,2,5,4,0.2
retrenchment,1,5,4,0.2
declining unemployment,2,5,4,0.2
tools as appropriate,3,21,18,0.2
november december,2,5,4,0.2
maximum,1,220,197,0.2
fiscal retrenchment,2,5,4,0.2
has improved,2,21,18,0.2
gradual increases,2,21,18,0.2
although inflation,2,5,4,0.2
generally,1,5,4,0.2
however if incoming,3,5,4,0.2
slowed in recent,3,5,4,0.2
continue to pay,3,5,4,0.2
september november,2,5,4,0.2
account the extent,3,5,4,0.2
events,1,5,4,0.2
relative,1,47,41,0.21
until normalization,2,12,10,0.21
moving,1,29,25,0.21
decisions about,2,12,10,0.21
underlying strength,2,12,10,0.21
well under way,3,12,10,0.21
doing so until,3,12,10,0.21
advanced,1,12,10,0.21
remain contingent,2,12,10,0.21
have improved,2,12,10,0.21
broader economy,2,12,10,0.21
expectations have,2,46,40,0.22
persistently,1,20,17,0.22
increasing,1,20,17,0.22
inflation expectations have,3,46,40,0.22
monitor incoming,2,20,17,0.22
closely monitor incoming,3,20,17,0.22
inception,1,11,9,0.24
pace will remain,3,11,9,0.24
having,1,11,9,0.24
monitor inflation,2,19,16,0.24
employment has,2,11,9,0.24
monitor inflation developments,3,11,9,0.24
about their pace,3,11,9,0.24
views,1,19,16,0.24
nearly balanced,2,19,16,0.24
continues to monitor,3,11,9,0.24
consequently,1,11,9,0.24
broadly,1,11,9,0.24
time below levels,3,19,16,0.24
maximum employment,2,220,196,0.25
purchase longer-term treasury,3,4,3,0.26
diminish,1,4,3,0.26
months but remain,3,4,3,0.26
reflecting transitory,2,4,3,0.26
march april,2,4,3,0.26
eased,1,4,3,0.26
mandate strains,2,4,3,0.26
only gradually toward,3,4,3,0.26
warrant,1,70,61,0.26
maintain appropriate policy,3,4,3,0.26
always take,2,4,3,0.26
decline only gradually,3,4,3,0.26
impede,1,4,3,0.26
year its program,3,4,3,0.26
dual mandate strains,3,4,3,0.26
held,1,4,3,0.26
consumer price,2,4,3,0.26
prices inflation,2,4,3,0.26
appropriate path,2,4,3,0.26
weather,1,4,3,0.26
last fall,2,4,3,0.26
june suggests,2,4,3,0.26
markets have,2,4,3,0.26
although the pace,3,4,3,0.26
prospects,1,4,3,0.26
purchase longer-term,2,4,3,0.26
purchases as well,3,4,3,0.26
consumer price inflation,3,4,3,0.26
remained slow,2,4,3,0.26
june addendum,2,4,3,0.26
facilitate,1,4,3,0.26
tools to promote,3,4,3,0.26
challenging,1,4,3,0.26
conditions are likely,3,4,3,0.26
inflation are somewhat,3,4,3,0.26
lower unemployment,2,4,3,0.26
always take appropriate,3,4,3,0.26
assesses,1,4,3,0.26
facilitate the extension,3,4,3,0.26
last,1,18,15,0.26
december fomc,2,4,3,0.26
increasing at moderate,3,4,3,0.26
extension of credit,3,4,3,0.26
continued to contract,3,4,3,0.26
bank lending has,3,4,3,0.26
conditions will evolve,3,18,15,0.26
growth of economic,3,4,3,0.26
indicators and inflation,3,4,3,0.26
term risks,2,4,3,0.26
lending has,2,4,3,0.26
recovery is likely,3,4,3,0.26
impede the attainment,3,4,3,0.26
world,1,4,3,0.26
likelihood of inflation,3,4,3,0.26
households and small,3,4,3,0.26
dual mandate furthermore,3,4,3,0.26
monitoring,1,18,15,0.26
needed to promote,3,4,3,0.26
inflation has moved,3,4,3,0.26
indicators will continue,3,4,3,0.26
assesses the appropriate,3,4,3,0.26
small,1,4,3,0.26
have trended lower,3,4,3,0.26
operations,1,4,3,0.26
september suggests,2,4,3,0.26
have diminished,2,4,3,0.26
judges consistent,2,26,22,0.26
financial markets have,3,4,3,0.26
maintain appropriate,2,4,3,0.26
remains slow fiscal,3,4,3,0.26
conditions in light,3,4,3,0.26
boosted,1,4,3,0.26
small businesses,2,4,3,0.26
further and inflation,3,4,3,0.26
growth has,2,4,3,0.26
has become,2,4,3,0.26
consumer,1,17,14,0.28
back,1,33,28,0.28
concerned,1,10,8,0.28
has picked,2,17,14,0.28
move toward,2,10,8,0.28
timing,1,33,28,0.28
against,1,10,8,0.28
continues to see,3,10,8,0.28
wealth and tight,3,10,8,0.28
growing,1,10,8,0.28
accommodative stance,2,42,36,0.28
inflation have,2,10,8,0.28
housing wealth,2,10,8,0.28
economic,1,578,519,0.28
interest,1,41,35,0.29
further improvement,2,32,27,0.3
supporting,1,24,20,0.3
longer-run objective,2,48,41,0.31
sufficient,1,16,13,0.31
imports,1,16,13,0.31
monitor,1,84,73,0.31
progress toward,2,75,65,0.31
growth,1,139,122,0.32
remains constrained,2,9,7,0.32
unemployment modest income,3,9,7,0.32
lower housing,2,9,7,0.32
has diminished,2,9,7,0.32
cumulative progress,2,9,7,0.32
goal and longer-term,3,9,7,0.32
strengthens further,2,9,7,0.32
lower housing wealth,3,9,7,0.32
employers,1,9,7,0.32
outlook for labor,3,9,7,0.32
growth lower housing,3,9,7,0.32
modest income,2,9,7,0.32
employers remain,2,9,7,0.32
commodity,1,9,7,0.32
signs,1,9,7,0.32
stance for monetary,3,9,7,0.32
constrained,1,9,7,0.32
cumulative progress toward,3,9,7,0.32
high unemployment modest,3,9,7,0.32
high unemployment,2,9,7,0.32
employers remain reluctant,3,9,7,0.32
households and businesses,3,9,7,0.32
growth in household,3,9,7,0.32
underlying inflation have,3,9,7,0.32
income growth lower,3,9,7,0.32
sizable and still-increasing,3,9,7,0.32
income growth,2,9,7,0.32
still-increasing,1,9,7,0.32
objectives of maximum,3,39,33,0.32
constrained by high,3,9,7,0.32
growth lower,2,9,7,0.32
labor market strengthens,3,9,7,0.32
modest income growth,3,9,7,0.32
add to payrolls,3,9,7,0.32
remain reluctant,2,9,7,0.32
unemployment modest,2,9,7,0.32
reluctant to add,3,9,7,0.32
still-increasing holdings,2,9,7,0.32
policy tools,2,30,25,0.33
low,1,146,128,0.33
thereby,1,30,25,0.33
toward maximum,2,46,39,0.34
half,1,22,18,0.34
toward maximum employment,3,46,39,0.34
stable inflation,2,15,12,0.34
somewhat below,2,15,12,0.34
improved further,2,15,12,0.34
view of realized,3,15,12,0.34
efficacy and costs,3,22,18,0.34
equipment,1,15,12,0.34
businesses,1,15,12,0.34
efficacy,1,22,18,0.34
software,1,15,12,0.34
equipment and software,3,15,12,0.34
progress toward maximum,3,46,39,0.34
commodities,1,15,12,0.34
move,1,37,31,0.35
economy to support,3,8,6,0.36
best foster maximum,3,8,6,0.36
closely monitor inflation,3,8,6,0.36
have risen,2,8,6,0.36
purchases beginning,2,8,6,0.36
meetings however,2,8,6,0.36
trended,1,8,6,0.36
sufficient underlying,2,8,6,0.36
current assessment,2,8,6,0.36
inflation running,2,8,6,0.36
has,1,337,299,0.36
crude,1,8,6,0.36
months consistent,2,8,6,0.36
structures continues,2,8,6,0.36
recent months consistent,3,8,6,0.36
changes,1,8,6,0.36
rapidly,1,8,6,0.36
crude oil,2,8,6,0.36
inflation running persistently,3,8,6,0.36
early this year,3,8,6,0.36
nonresidential structures continues,3,8,6,0.36
sufficient underlying strength,3,8,6,0.36
stance,1,96,83,0.36
asset purchases beginning,3,8,6,0.36
monitor inflation indicators,3,8,6,0.36
employment objective,2,14,11,0.37
policy remains accommodative,3,21,17,0.37
moving back,2,14,11,0.37
remains accommodative,2,21,17,0.37
continued to strengthen,3,21,17,0.37
including,1,104,90,0.37
adjustments,1,60,51,0.37
underlying inflation,2,21,17,0.37
decisions,1,14,11,0.37
moving back toward,3,14,11,0.37
gradual,1,60,51,0.37
rise,1,36,30,0.37
quarters,1,35,29,0.38
although,1,59,50,0.39
coming quarters,2,20,16,0.39
nearly,1,20,16,0.39
outlook for inflation,3,20,16,0.39
policy remains,2,27,22,0.39
rather,1,20,16,0.39
use,1,13,10,0.4
turn,1,13,10,0.4
stable,1,66,56,0.4
declines,1,58,49,0.4
light of incoming,3,13,10,0.4
economic and financial,3,49,41,0.41
sooner,1,7,5,0.42
roughly,1,19,15,0.42
rose,1,7,5,0.42
plans,1,7,5,0.42
diminished,1,19,15,0.42
picked,1,33,27,0.42
holdings of longer-term,3,48,40,0.42
conditions improved,2,7,5,0.42
later than currently,3,7,5,0.42
trended lower,2,7,5,0.42
act,1,7,5,0.42
quickly,1,7,5,0.42
purchases of agency,3,7,5,0.42
decline toward,2,12,9,0.44
decline toward levels,3,12,9,0.44
conditions including,2,25,20,0.44
coming months,2,25,20,0.44
tight,1,12,9,0.44
inflation moving back,3,12,9,0.44
expansion of economic,3,12,9,0.44
including low,2,25,20,0.44
economic conditions including,3,25,20,0.44
conditions including low,3,25,20,0.44
toward its longer-run,3,12,9,0.44
per month rather,3,18,14,0.45
rather than billion,3,18,14,0.45
month rather,2,18,14,0.45
ongoing improvement,2,18,14,0.45
year,1,94,80,0.46
reflecting,1,45,37,0.47
about,1,44,36,0.48
employment,1,281,246,0.48
slow fiscal policy,3,6,4,0.48
along,1,6,4,0.48
bank,1,6,4,0.48
rapidly than earlier,3,6,4,0.48
transitory factors,2,6,4,0.48
facility,1,6,4,0.48
improvement in economic,3,6,4,0.48
past,1,17,13,0.48
announced,1,30,24,0.48
close,1,17,13,0.48
slow fiscal,2,6,4,0.48
low relative,2,6,4,0.48
investment and net,3,6,4,0.48
promote maximum,2,6,4,0.48
earlier this year,3,6,4,0.48
consider,1,17,13,0.48
mandate although,2,6,4,0.48
also decided today,3,6,4,0.48
somewhat low relative,3,6,4,0.48
shown,1,17,13,0.48
output and employment,3,6,4,0.48
promote maximum employment,3,6,4,0.48
indicators including,2,6,4,0.48
exceptionally low levels,3,30,24,0.48
overall size,2,6,4,0.48
utilization subdued inflation,3,11,8,0.49
subdued inflation,2,11,8,0.49
resource utilization subdued,3,11,8,0.49
trends,1,11,8,0.49
while the recovery,3,11,8,0.49
has declined,2,23,18,0.49
inflation trends,2,11,8,0.49
net exports,2,11,8,0.49
anticipates gradual return,3,11,8,0.49
tight credit,2,11,8,0.49
wealth,1,11,8,0.49
anticipates gradual,2,11,8,0.49
stable inflation expectations,3,11,8,0.49
subdued inflation trends,3,11,8,0.49
trends and stable,3,11,8,0.49
utilization subdued,2,11,8,0.49
diminishing,1,11,8,0.49
ongoing,1,29,23,0.5
objectives,1,66,55,0.5
highly,1,43,35,0.5
increased,1,22,17,0.51
economic growth,2,57,47,0.51
likely efficacy,2,22,17,0.51
inflation moving,2,16,12,0.51
continue to monitor,3,22,17,0.51
inflation developments closely,3,16,12,0.51
continuing,1,28,22,0.52
underlying,1,35,28,0.52
improved,1,42,34,0.52
sizable,1,35,28,0.52
faster,1,10,7,0.53
conditions and return,3,10,7,0.53
however asset,2,10,7,0.53
prices have,2,10,7,0.53
however asset purchases,3,10,7,0.53
business spending,2,10,7,0.53
spending on equipment,3,10,7,0.53
however the actual,3,21,16,0.54
longer run however,3,21,16,0.54
actual path,2,21,16,0.54
run however,2,21,16,0.54
pick,1,15,11,0.55
level,1,47,38,0.55
longer-term securities,2,40,32,0.55
approach,1,33,26,0.56
rising though,2,5,3,0.57
less,1,20,15,0.57
disappointingly slow,2,5,3,0.57
rising though less,3,5,3,0.57
strengthen,1,39,31,0.57
levels,1,200,172,0.57
objective in determining,3,5,3,0.57
prepared to increase,3,5,3,0.57
set,1,5,3,0.57
price stability progress,3,5,3,0.57
securities loan facility,3,5,3,0.57
policy normalization principles,3,5,3,0.57
disappointingly,1,5,3,0.57
stability progress,2,5,3,0.57
have slowed,2,5,3,0.57
developments against,2,5,3,0.57
case,1,5,3,0.57
recovery in output,3,5,3,0.57
moderate over coming,3,5,3,0.57
states,1,5,3,0.57
addendum,1,5,3,0.57
commodity prices,2,5,3,0.57
holding,1,5,3,0.57
have trended,2,5,3,0.57
policy normalization,2,5,3,0.57
program this month,3,5,3,0.57
accompanying,1,5,3,0.57
term asset-backed securities,3,5,3,0.57
markets and economic,3,5,3,0.57
judging,1,5,3,0.57
best foster economic,3,5,3,0.57
stability progress toward,3,5,3,0.57
loan facility,2,5,3,0.57
asset-backed securities loan,3,5,3,0.57
financial developments against,3,5,3,0.57
crisis,1,5,3,0.57
below percent has,3,5,3,0.57
asset-backed securities,2,5,3,0.57
continues,1,115,97,0.57
term asset-backed,2,5,3,0.57
continue to strengthen,3,5,3,0.57
continue to expand,3,5,3,0.57
securities loan,2,5,3,0.57
inflation changes,2,5,3,0.57
asset-backed,1,5,3,0.57
foster economic,2,5,3,0.57
mandate furthermore,2,5,3,0.57
adverse,1,5,3,0.57
increase or reduce,3,5,3,0.57
foster economic growth,3,5,3,0.57
maintain its existing,3,9,6,0.59
anticipates doing,2,14,10,0.59
toward its inflation,3,9,6,0.59
significantly,1,14,10,0.59
programs,1,9,6,0.59
currently expects,2,9,6,0.59
declining,1,9,6,0.59
further gradual increases,3,9,6,0.59
doing,1,14,10,0.59
strains,1,19,14,0.6
improvement,1,111,93,0.61
highly accommodative,2,43,34,0.62
payrolls,1,13,9,0.63
seen,1,13,9,0.63
utilization in context,3,13,9,0.63
best foster,2,13,9,0.63
running below,2,13,9,0.63
monitor the economic,3,13,9,0.63
achieve,1,13,9,0.63
actual,1,42,33,0.64
likely to warrant,3,29,22,0.65
reduce,1,29,22,0.65
coming,1,48,38,0.65
low levels,2,35,27,0.65
solid job gains,3,8,5,0.66
solid job,2,8,5,0.66
business investment,2,8,5,0.66
supporting some further,3,8,5,0.66
software is rising,3,8,5,0.66
broadly supports,2,8,5,0.66
taking into account,3,8,5,0.66
sustain,1,8,5,0.66
policy in particular,3,8,5,0.66
needed to best,3,8,5,0.66
anticipate that economic,3,8,5,0.66
measures of underlying,3,17,12,0.68
fiscal,1,28,21,0.68
pace of asset,3,12,8,0.68
expected progress toward,3,12,8,0.68
expected progress,2,12,8,0.68
provided,1,17,12,0.68
prices of energy,3,12,8,0.68
industrial,1,4,2,0.69
although market-based measures,3,4,2,0.69
changed in recent,3,4,2,0.69
consistent with sustained,3,4,2,0.69
resumption of sustainable,3,4,2,0.69
longer run objective,3,4,2,0.69
mortgage and housing,3,4,2,0.69
shows further improvement,3,4,2,0.69
shows further,2,4,2,0.69
past year,2,4,2,0.69
rebounded,1,4,2,0.69
additional asset,2,4,2,0.69
inflation moving toward,3,4,2,0.69
insufficient,1,4,2,0.69
confirms that underutilization,3,4,2,0.69
holdings in addition,3,4,2,0.69
have moderated,2,4,2,0.69
government,1,4,2,0.69
sharply,1,4,2,0.69
although market-based,2,4,2,0.69
large quantities,2,4,2,0.69
monitoring global economic,3,4,2,0.69
production,1,4,2,0.69
quarter of pace,3,4,2,0.69
monitoring global,2,4,2,0.69
securities to provide,3,4,2,0.69
additional asset purchases,3,4,2,0.69
broad,1,4,2,0.69
commodity prices have,3,4,2,0.69
anticipates that exceptionally,3,4,2,0.69
recent months household,3,4,2,0.69
economic outlook has,3,4,2,0.69
value,1,4,2,0.69
show,1,4,2,0.69
relatively,1,4,2,0.69
program is described,3,4,2,0.69
year despite,2,4,2,0.69
run objective,2,4,2,0.69
quantities,1,4,2,0.69
needed to support,3,4,2,0.69
months household spending,3,4,2,0.69
term will run,3,4,2,0.69
expected,1,134,112,0.69
implement the term,3,4,2,0.69
bring,1,4,2,0.69
months household,2,4,2,0.69
path,1,33,25,0.7
still,1,21,15,0.72
extent,1,21,15,0.72
because of earlier,3,7,4,0.74
output,1,7,4,0.74
necessary to support,3,7,4,0.74
reluctant,1,11,7,0.74
announced in november,3,7,4,0.74
has shown,2,11,7,0.74
balance in recent,3,11,7,0.74
expectations are likely,3,11,7,0.74
year while,2,7,4,0.74
effect,1,7,4,0.74
cumulative,1,11,7,0.74
lower,1,49,38,0.75
risen,1,15,10,0.76
during,1,15,10,0.76
even after,2,20,14,0.76
monetary policy,2,103,84,0.76
way,1,15,10,0.76
add,1,30,22,0.77
asset,1,94,76,0.78
likely to remain,3,19,13,0.79
normalization,1,24,17,0.79
purchases,1,130,107,0.79
return to higher,3,14,9,0.81
inflation has continued,3,10,6,0.81
gradual return,2,14,9,0.81
steps,1,10,6,0.81
complete,1,10,6,0.81
higher levels,2,14,9,0.81
decided to raise,3,10,6,0.81
support the economic,3,10,6,0.81
view,1,51,39,0.83
preserve price stability,3,6,3,0.84
growth and price,3,6,3,0.84
has risen,2,6,3,0.84
preserve price,2,6,3,0.84
proceeding,1,6,3,0.84
gains and lower,3,6,3,0.84
stability in light,3,6,3,0.84
payroll employment,2,6,3,0.84
strong job,2,6,3,0.84
warrant further,2,6,3,0.84
payroll,1,6,3,0.84
recent labor,2,6,3,0.84
inflation in determining,3,18,12,0.84
households,1,18,12,0.84
warrant further gradual,3,6,3,0.84
though less rapidly,3,6,3,0.84
though less,2,6,3,0.84
thus,1,6,3,0.84
began,1,6,3,0.84
sentiment,1,6,3,0.84
shows,1,6,3,0.84
affect,1,6,3,0.84
dual mandate although,3,6,3,0.84
strong job gains,3,6,3,0.84
loan,1,6,3,0.84
economic conditions,2,102,82,0.85
pace of billion,3,38,28,0.85
part,1,27,19,0.86
based,1,22,15,0.86
medium,1,94,75,0.86
meetings,1,13,8,0.87
outlook and financial,3,13,8,0.87
accordingly,1,9,5,0.88
through late,2,9,5,0.88
least through late,3,9,5,0.88
cost,1,9,5,0.88
debt,1,73,57,0.88
expectation,1,17,11,0.88
stance of monetary,3,84,66,0.91
medium term,2,77,60,0.91
future,1,52,39,0.92
high,1,16,10,0.93
current asset purchase,3,16,10,0.93
low level,2,12,7,0.93
reasonably,1,12,7,0.93
warrant exceptionally low,3,25,17,0.93
reasonably confident,2,12,7,0.93
securities should maintain,3,12,7,0.93
warrant exceptionally,2,25,17,0.93
current asset,2,16,10,0.93
november,1,24,16,0.97
private,1,8,4,0.97
continues to anticipates,3,8,4,0.97
closely to support,3,8,4,0.97
using,1,8,4,0.97
grow,1,8,4,0.97
expects economic growth,3,5,2,0.98
prices have risen,3,5,2,0.98
conditions warrant,2,5,2,0.98
substantial improvement,2,5,2,0.98
factors including,2,5,2,0.98
increasing gradually,2,5,2,0.98
inflation have trended,3,5,2,0.98
result,1,5,2,0.98
focus,1,5,2,0.98
see the risks,3,5,2,0.98
number,1,5,2,0.98
resumption,1,5,2,0.98
expects economic,2,5,2,0.98
consumer sentiment,2,5,2,0.98
growth over coming,3,5,2,0.98
decided today,2,33,23,0.99
asset purchases,2,54,40,0.99
best,1,15,9,0.99
policy economic activity,3,15,9,0.99
balance,1,72,55,0.99
particular,1,33,23,0.99
promote,1,53,39,1.01
confirms,1,11,6,1.01
appears to have,3,14,8,1.05
objective partly reflecting,3,14,8,1.05
later,1,14,8,1.05
early,1,14,8,1.05
substantial,1,14,8,1.05
though,1,26,17,1.06
resource,1,50,36,1.08
stronger sustainable economic,3,6,0,1.09
expect,1,7,3,1.09
signal,1,6,0,1.09
appreciably,1,7,3,1.09
members may feel,3,6,0,1.09
described,1,7,3,1.09
taking,1,10,5,1.09
strengthening in labor,3,10,5,1.09
strengthened,1,17,10,1.09
want,1,6,0,1.09
conclude,1,7,3,1.09
risk,1,10,5,1.09
demand,1,10,5,1.09
trade below,2,6,0,1.09
elevated has,2,6,0,1.09
preserve,1,7,3,1.09
jun,1,6,0,1.09
support stronger sustainable,3,6,0,1.09
continued to improve,3,7,3,1.09
package,1,6,0,1.09
investors,1,6,0,1.09
employment will expand,3,6,0,1.09
stronger sustainable,2,6,0,1.09
sentence,1,6,0,1.09
believe,1,6,0,1.09
while investment,2,7,3,1.09
clear,1,6,0,1.09
gdp,1,6,0,1.09
considerable some time,3,6,0,1.09
possible,1,6,0,1.09
short-term,1,6,0,1.09
reductions,1,6,0,1.09
facilities,1,7,3,1.09
need,1,6,0,1.09
appears,1,29,19,1.11
taken,1,13,7,1.12
income,1,13,7,1.12
further,1,187,151,1.12
even,1,43,30,1.12
policy,1,326,271,1.14
levels of resource,3,16,9,1.15
resource utilization,2,46,32,1.17
future adjustments,2,36,24,1.18
nominal,1,7,0,1.18
tighten,1,7,0,1.18
long-term,1,7,0,1.18
ease,1,7,0,1.18
unconventional policy,2,7,0,1.18
commitment,1,7,0,1.18
terms,1,7,0,1.18
order,1,9,4,1.19
policies,1,19,11,1.19
pace of economic,3,19,11,1.19
goal and provided,3,9,4,1.19
credit,1,40,27,1.2
utilization,1,50,35,1.2
purchase large,2,6,2,1.22
year while investment,3,6,2,1.22
adjust the program,3,6,2,1.22
see,1,15,8,1.22
available tools,2,6,2,1.22
implement,1,6,2,1.22
outlook has,2,6,2,1.22
credit conditions,2,6,2,1.22
objective partly,2,15,8,1.22
balanced inflation,2,6,2,1.22
monetary,1,113,86,1.26
same,1,8,0,1.26
trade,1,8,0,1.26
sustainable economic recovery,3,8,0,1.26
possibility,1,8,0,1.26
despite,1,11,5,1.28
conditions will continue,3,8,3,1.3
has increased,2,8,3,1.3
continue to improve,3,8,3,1.3
necessary to promote,3,8,3,1.3
monetary policy economic,3,17,9,1.31
policy economic,2,17,9,1.31
unconventional,1,9,0,1.33
maintain raise,2,9,0,1.33
feel,1,9,0,1.33
confident that inflation,3,13,6,1.37
promote the resumption,3,5,1,1.38
liquidity facilities,2,5,1,1.38
year inflation has,3,5,1,1.38
increase thereby,2,5,1,1.38
activity and employment,3,10,4,1.38
survey,1,5,1,1.38
increase thereby supporting,3,5,1,1.38
response,1,5,1,1.38
recent weeks,2,5,1,1.38
has strengthened,2,10,4,1.38
has been disappointingly,3,5,1,1.38
time,1,176,137,1.39
reduce the pace,3,19,10,1.4
raise,1,26,15,1.4
greenbook,1,10,0,1.41
keep,1,42,27,1.41
participants,1,10,0,1.41
sharp,1,7,2,1.44
institutions,1,7,2,1.44
circumstances,1,7,2,1.44
sustainable economic growth,3,7,2,1.44
longer-run objective partly,3,15,7,1.45
strengthening,1,18,9,1.46
continues to anticipate,3,18,9,1.46
confident,1,18,9,1.46
further gradual,2,18,9,1.46
likely,1,160,122,1.49
expanded,1,9,3,1.5
further gradual adjustments,3,9,3,1.5
before,1,9,3,1.5
attainment,1,9,3,1.5
expansion,1,24,13,1.5
policy measures,2,9,3,1.5
forecast,1,12,0,1.54
wish,1,12,0,1.54
system,1,11,4,1.56
reduction,1,23,12,1.56
second quarter,2,11,4,1.56
fall,1,11,4,1.56
weeks,1,6,1,1.57
year inflation,2,6,1,1.57
deterioration,1,6,1,1.57
increase,1,63,42,1.57
assets,1,6,1,1.57
actions,1,26,14,1.58
next,1,19,9,1.61
although the unemployment,3,13,5,1.63
objective but longer-term,3,8,2,1.63
inflation will rise,3,8,2,1.63
debt and mortgage-backed,3,10,3,1.68
next year,2,7,1,1.73
after this increase,3,7,1,1.73
real,1,7,1,1.73
staff,1,16,0,1.78
late,1,22,10,1.81
given,1,11,3,1.84
zero,1,8,1,1.88
anticipate,1,21,9,1.88
already,1,18,0,1.89
sheet,1,26,12,1.94
second,1,15,5,1.94
balance sheet,2,26,12,1.94
domestic,1,10,2,1.95
large,1,17,6,1.99
reserves,1,9,1,2.0
policy actions,2,11,2,2.09
stimulus,1,11,2,2.09
today to keep,3,18,6,2.12
improve,1,29,12,2.29
liquidity,1,14,2,2.45
because,1,26,9,2.49
members,1,32,0,2.52
decline,1,45,21,2.52
sustainable economic,2,15,2,2.56
paragraph,1,15,1,2.57
sustainable,1,24,2,3.28
